id,name
Glaciaxion,Glaciaxion
Eradication Catastrophe,Eradication Catastrophe
Credits,Credits
Dlyrotz,Dlyrotz
Engine x Start!! (melody mix),Engine x Start!! (melody mix)
光,光
Winter ↑cube↓,Winter ↑cube↓
Cipher : /2&//<|0,Cipher1
混乱-Confusion,混乱
FULi AUTO SHOOTER,福利自动射
HumaN,HumaN
[PRAW],praw
Pixel Rebelz1,皮克斯1
Pixel Rebelz2,皮克斯2
Pixel Rebelz3,皮克斯3
Cereris1,cereris1
Cereris2,cereris2
Cereris3,cereris3
Non-Melodic Ragez (MUG Edit),你骂人
Sultan Rage,苏丹
Class Memories,上课记忆
-SURREALISM-,超现实
Bonus Time,额外时间
Energy Synergy Matrix1,ESM1
Energy Synergy Matrix2,ESM2
Energy Synergy Matrix3,ESM3
Doppelganger1,Doppe1
Doppelganger2,Doppe2
もぺもぺ1,先生买一朵吧
もぺもぺ2,花花
MARENOL,骂人ol
萤火虫の怨1,萤火虫1
萤火虫の怨2,萤火虫2
万吨匿名信,匿名信
风屿,fengyv
Aphasia,Aphasia
華灯爱1,华灯爱1
華灯爱2,华灯爱2
dB doll,dB-doll
Dash,Dash
云女孩,云女孩
Drop It,Drop it
RIPPER,ripper
开心病1,开心病1
开心病2,开心病2
Introduction,Introduction
Find_Me,找我
Sein,Sein
狂喜蘭舞1,狂喜1
狂喜蘭舞2,狂喜2
Sparkle New Life,闪亮新生活
Khronostasis Katharsis,KK
Geopelia 1 -by cycats,cycats_1
Geopelia 2 -by cycats,cycats_2
Engine x Start!! extra 1 -by cycats,cycats_3
FULi AUTO SHOOTER extra 1 -by cycats,cycats_4
Non-Melodic Ragez extra 1 -by cycats,cycats_5
RIPPER extra 1 -by cycats,cycats_6
RIPPER extra 2 -by 何呵,何呵1
Marenol extra 1 -by 喵n葵,喵n葵 mopenol
云女孩 extra 1 -by 御坂果子,御坂果子云女孩
Geopelia in WEPLAY -by 海产,Geopelia in WEPLAY
Geopelia 3 -by 何呵,鸠 徽章
Christmas -2019,圣诞节-2019
Snow Desert,Snow Desert
Burn,Burn
Feast远东之宴1,Feast1
Feast远东之宴2,Feast2
Feast远东之宴3,Feast3
Feast远东之宴4,Feast4
Feast远东之宴5,Feast5
Feast远东之宴6,Feast6
Feast远东之宴7,Feast7
Feast远东之宴8,Feast8
Feast远东之宴9,Feast9
瓷岁1,瓷岁1
瓷岁2,瓷岁2
瓷岁3,瓷岁3
瓷岁4,瓷岁4
瓷岁5,瓷岁5
瓷岁6,瓷岁6
瓷岁7,瓷岁7
盏茗1,盏茗1
盏茗2,盏茗2
盏茗3,盏茗3
青芽,青芽
Feast远东之宴-Special1,Feast特典1
Feast远东之宴-Special2,Feast特典2
瓷岁-Special,瓷岁特典
盏茗-Special,盏茗特典
青芽-Special,青芽特典
Xenolith,Xenolith头像
Artificial Existence,Artificial Existence头像
Para,Para头像
Indelible Scar,Indelible Scar头像
Alkaid,Alkaid头像
ShineAfter-鸠-普通,ShineAfter_鸠_普通1
ShineAfter-鸠-曲绘Ver,ShineAfter_鸠_曲绘Ver
ShineAfter-鸠-Special,ShineAfter_鸠_Special_Avatar
ShineAfter-水青-普通,ShineAfter_水青_普通1
ShineAfter-水青-曲绘Ver,ShineAfter_水青_曲绘Ver
ShineAfter-水青-Special,ShineAfter_水青_Special_Avatar
ShineAfter-水青-Special2,ShineAfter_水青_Special_Avatar_2
ShineAfter-鸠和水青-Special,ShineAfter_鸠+水青_Special_Avatar
