id,song,composer,illustrator,EZ,HD,IN,AT
Glaciaxion.SunsetRay,Glaciaxion,SunsetRay,艾若拉,Barbarianerman,阿爽 fixed by Clutter,Barbarianerman vs. NerSAN,
EradicationCatastrophe.NceS,Eradication Catastrophe,NceS,海产,Barbarianerman,Barbarianerman fixed by Clutter,Barbarianerman,
Credits.Frums,Credits,Frums,Ctymax,Ctymax,Ctymax,Ctymax,_鉄 (Isotope 59)
Dlyrotz.Likey,Dlyrotz,Likey,DoublePian,Su1fuR,Su1fuR,XMT小咩兔 vs. Barbarianerman,
EnginexStartmelodymix.CrossingSound,Engine x Start!! (melody mix),CrossingSound,赤芽,Clutter,Clutter,阿爽,
光.姜米條,光,姜米條,winder,Catcats & 百九十八 fixed by Clutter,Catcats & 百九十八 fixed by Clutter,Catcats & 百九十八,
Wintercube.CtymaxfeatNceS,Winter ↑cube↓,Ctymax feat. NceS,翠冷兮,Ctymax after 7 years,Salt,百九十八,
Cipher20.TetrajectoryfeatCtymax,Cipher : /2&//<|0,Tetrajectory feat.Ctymax,IvyTowers,M3d1uM,M3d1uM,Barbarianerman feat. Gausbon,
混乱Confusion.OnlyMyBlackScore,混乱-Confusion,Only My Black Score,L-sp4,StR-1,StR-1,XMT小咩兔,
FULiAUTOSHOOTER.MYUKKE,FULi AUTO SHOOTER,MYUKKE.,ViscerA & Psycholine,Knight,Knight,AUTO. SHOOTER. fixed by Ctymax,
HumaN.SOTUI,HumaN,SOTUI,CH,Clutter,Clutter,CN_115+TangScend,
PRAW.Bluewind,[PRAW],Bluewind,老张,Likey,Likey,晨 vs. 阿爽,
PixelRebelz.Normal1zer,Pixel Rebelz,Normal1zer,艾是Abby,Knight,Knight,NerSAN,
Cereris.SunsetRayNceS,Cereris,SunsetRay/NceS,IvyTowers,Su1fuR,Su1fuR,StupiGGy,
NonMelodicRagezMUGEdit.Normal1zer,Non-Melodic Ragez (MUG Edit),Normal1zer,cycats,Clutter,Clutter,分化者 fixed by Barbarianerman,
SultanRage.MonstDeath,Sultan Rage,MonstDeath,笔记RE,百九十八,百九十八,百九十八,
ClassMemories.AntistarfeatCtymax,Class Memories,Antistar feat. Ctymax,xperz,M3d1uM,M3d1uM,JKy,
SURREALISM.Itsuki,-SURREALISM-,Itsuki,喵n葵,Su1fuR,Su1fuR,-StupiGGy- fixed by 晨,
BonusTime.MegaloPaleWhite,Bonus Time,Megalo_PaleWhite,笔记RE,Clutter,Clutter,Uvernight fixed by 百九十八,
ENERGYSYNERGYMATRIX.Tanchiky,ENERGY SYNERGY MATRIX,Tanchiky,Karameru,Su1fuR,Su1fuR,Ctymax vs. 阿爽  fixed by B B M pow,
NYA.FLuoRiTe姜米條,NYA!!! (Phigros ver.),FLuoRiTe/姜米條,NEKO&海产,HCC!!!,HCC!!!,HCC!!!,
JunXionBetweenLifeAndDeathVIPMix.1N6Fs,JunXion Between Life And Death(VIP Mix),1N6Fs,IvyTowers,鲲&百九十八,鲲&百九十八,鲲&百九十八,
cryout.JuE,cryout,Ju_E,Haight,Ctymax,Ctymax,Ctymax but 5 years later,
Reimei.影虎,Reimei,影虎。,英英英,百九十八,百九十八,百九十八,
尊師TheGuru.rider,尊師 ～The Guru～,rider,1B,M3d1uM,M3d1uM,奥術 ~The Empery~,
Spasmodic.姜米條颶風元力上人,Spasmodic,姜米條☆颶風 ~ ♫元力上人♫,昔璃☆暴雨 ~ ♫危難聖帝♫,無極☆雷鳴 ~ ♫死の序曲♫,無極☆雷鳴 ~ ♫死の序曲♫,無極☆雷鳴 ~ ♫死の序曲♫,無極☆雷鳴 ~ ♫死の序曲♫
LeaveAllBehind.rider,Leave All Behind,rider,笔记RE,亚树见希子 & 百九十八,亚树见希子 & 百九十八,亚树见希子 & 百九十八,
ColorfulDays.P4koofeatつゆり花鈴,Colorful Days♪,P4koo feat. つゆり花鈴,Doro-nyong & Ratif,阿♪爽,阿♪爽,阿♪爽,
microwav.dandeless,micro.wav,dandeless,snake.ribs,百九十八,百九十八,百九十八,
重生.姜米條,重生,姜米條,昔璃&TNiK,Barbarianerman,Barbarianerman,Barbarianerman,
NOONEYESMAN.MYUKKE,NO ONE YES MAN,MYUKKE.,青鸟,Ctymax,晨,晨 vs. Ctymax,
望影の方舟Six.SeURa,望影の方舟Six,Se-U-Ra,鲸弑,六回目Traveler Scend,六回目Traveler Scend,"六回目Traveler Scend as ""Knight of Arq""",
Igallta.SeURa,Igallta,Se-U-Ra,Se-U-Ra,信仰の剣『生』,平川の剣『士』,夜明の剣『靈』,断罪の剣『神』
ClockParadox.WyvernP,Clock Paradox,WyvernP,汉堡,Barbarianerman vs. Alloces,Barbarianerman vs. Alloces,Barbarianerman vs. Alloces,
Chronologika.Hundotte,Chronologika,Hundotte,幽灵星,TimiTini,XMT小咩兔,Ctymax vs. Barbarianerman,
NickofTime.P4koo,Nick of Time,P4koo,青鸟,晨 vs. XMT小咩兔,晨 vs. XMT小咩兔,NerSAN,
Chronomia.Lime,Chronomia,Lime,inukoro,Pcat,Rikko,時の希 & 百九十八,
ChronosCollapseLaCampanella.SunsetRay,Chronos Collapse - La Campanella,SunsetRay,老张,Pcat『Scatter』,阿爽『Destroy』,NerSAN vs. 阿爽 『Collapse』,
Rrharil.TeamGrimoire,Rrhar'il,Team Grimoire,犀牛坨动画工坊,RDRT -p 19:08:31,RDRT -p 20:02:21,RDRT -p 20:08:31,RWND -p 16493:62786:92551
CraveWave.LandRoot,Crave Wave,LandRoot,笔记RE,Likey,Likey,Likey feat. 198,
TheChariotREVIIVAL.Attoclef,The Chariot ~REVIIVAL~,Attoclef,翠冷兮,M3d1uM,Alloces,Ctymax drives in BlindForest,
Luminescence.米虾Fomiki初云CLoudie,Luminescence,米虾Fomiki & 初云CLoudie,子狼,XMT小咩兔,XMT小咩兔,Pcat & 百九十八,
Retribution.nmyKryexe,Retribution,nm-y & Kry.exe,NerSAN,NerSAN,NerSAN,"Ner as ""SPΔDE""",
DESTRUCTION321.Normal1zervsBrokenNerdz,"DESTRUCTION 3,2,1",Normal1zer vs. Broken Nerdz,rN,"{Demolition,Devastation,Destruction}","{Devastation,Destruction}",{Destruction},∅
DistortedFate.Sakuzyo,Distorted Fate,Sakuzyo,knife美工刀,De Fiance,Doubt Ful,Divination Fortune,unDefined Future
Doppelganger.LeaF,Doppelganger,LeaF,海产,Lumiere,Lumiere,Gausbon,
もぺもぺ.LeaF,もぺもぺ,LeaF,cycat,阿爽 fixed by Barbarinerman,阿爽 fixed by Barbarinerman,阿爽,阿爽
MARENOL.LeaF,MARENOL,LeaF,喵n葵,H.C.C. fixed by Barbarinerman,H.C.C. fixed by Barbarinerman,百九十八,
萤火虫の怨.闫东炜,萤火虫の怨,闫东炜,L-sp4,阿爽 & 百九十八,阿爽 & 百九十八,阿爽 & 百九十八,
万吨匿名信.闫东炜,万吨匿名信,闫东炜,IvyTowers,猫の信 & 百九十八,猫の信 & 百九十八,猫の信 & 百九十八,
风屿.闫东炜,风屿,闫东炜,cycats,Arenn Saki vs. Catcats vs. 百九十八,Arenn Saki vs. Catcats vs. 百九十八,Arenn Saki vs. Catcats vs. 百九十八,JKy
dBdoll.YUESTEVENuen,dB doll,YUE.STEVEN/uen,何呵,阿爽 fixed by Barbarianerman,阿爽 fixed by Barbarianerman,阿爽,NerSAN & 百九十八
Dash.小红Akane李祥辉,Dash,小红Akane，李祥晖,艾是Abby,阿爽 fixed by Barbarianerman,阿爽 fixed by Barbarianerman,JKy,
云女孩.符白牙SiYFics,云女孩,符白牙/SiYFics,御坂果子,Cloud Catcats,Cloud Catcats,云正太,
DropIt.Asuka,Drop It,Asuka,TNiK,Drop Catcats,Drop Catcats,NerSAN & 百九十八,
RIPPER.Friedwav,RIPPER,Friedwav,何呵,撕裂者『無極』 fixed by 晨,撕裂者『無極』 fixed by 晨,撕裂者『Alloces vs. Shin』,
Aphasia.闫东炜,Aphasia,闫东炜,笔记RE,百九十八,百九十八,百九十八,
开心病.闫东炜,开心病,闫东炜,昔璃,HaraKuma,HaraKuma,Barbarianerman feat. 晨,
華灯爱.闫东炜,華灯爱,闫东炜,IvyTowers,HaraKuma,HaraKuma,Barbarianerman,
FindMe.Kforest,Find_Me,K-forest,YuKiMuMa,Find_Ctymax,Find_Ctymax,Find_Ctymax fixed by 百九十八,
Sein.朔Apo11oprogramvsお月さま交響曲ftkuroa荒巻,Sein,朔(Apo11o program vs. お月さま交響曲) ft. kuroa×荒巻,hideo,A.S.H,A.S.H,A.S.H&晨,
狂喜蘭舞.LeaF,狂喜蘭舞,LeaF,DoublePian,Catcats a.k.a. 無極 vs. H.C.C. fixed by 晨,Catcats a.k.a. 無極 vs. H.C.C. fixed by Pcat,晨,Catcats a.k.a. 無極 vs. H.C.C. fixed by 野从&晨
SparkleNewLife.rider,Sparkle New Life,rider,1B,Sparkle Ctymax,Sparkle Ctymax,Sparkle Ctymax fixed by 百九十八,
KhronostasisKatharsis.Halv,Khronostasis Katharsis,Halv,utosao,XMT小咩兔 & Myna,XMT小咩兔 & Myna,StupiGGy fixed by 百九十八,
SnowDesert.WyvernP,Snow Desert,WyvernP,knife美工刀,VikingNexus,VikingNexus,VikingNexus,
Burn.NceS,Burn,NceS,knife美工刀,Ctymatch Girl,Burn Full Catcats,Burn Full Catcats vs. Ctymatch Girl,
Aleph0.LeaF,Aleph-0,LeaF,Optie,Clutter,Clutter,Clutter,
NextTime.SaMZIng,Next Time,SaMZIng,叶藤,Gausbon ~ See you next time ~ ,Gausbon ~ See you next time ~ ,Gausbon ~ See you next time ~ ,
RubbishSorting.CtymaxvsNceS,Rubbish Sorting,Ctymax vs. NceS,knife美工刀,阿爽 vs. Ctymax -Haose 垃圾-,阿爽 vs. Ctymax -Haose 垃圾-,阿爽 vs. Ctymax -Haose 垃圾-,
AnotherMe.NeutralMoon,Another Me,Neutral Moon,IvyTowers,Another M3,Another M3,NerSAN,
mechanted.rareguy,mechanted,rareguy,IvyTowers,Ctymax,Ctymax,Ctymax,
lifeflashesbeforeweebeyes.BilliumMoto,life flashes before weeb eyes,BilliumMoto,百九十八,百九十八,百九十八,百九十八,
BreakThroughTheBarrier.lixound,Break Through The Barrier,lixound,Xquid,Su1fuR,Su1fuR,百九十八,
Chronostasis.黒皇帝,Chronostasis,黒皇帝,Sand,Uvernight,Uvernight,Gausbon fixed by XMT,
DeadSoul.SoundSouler,Dead Soul,Sound Souler,Photonskyto,Phigros Charting Team,Phigros Charting Team,Phigros Charting Team,
InfinityHeaven.HyuN,Infinity Heaven,HyuN,DoublePian,晨 vs. 阿爽,晨 vs. 阿爽,晨 vs. 阿爽,
Disorder.HyuNfeatYURI,Disorder,HyuN feat. YURI,Nabom,Gausbon,Gausbon,Gausbon,
CROSSSOUL.HyuNfeatSyepias,CROSS†SOUL,HyuN feat. Syepias,knife美工刀,無†極,無†極 fixed by Rikko,無†極,
SpeedUp.DarTokki,Speed Up!,DarTokki,TNiK,Ctymax vs. 百九十八,Ctymax vs. 百九十八,Ctymax vs. 百九十八,
MagentaPotion.EmoCo,Magenta Potion,EmoCo.,NOISER,Ctymax vs. 晨,Ctymax vs. 晨,Ctymax vs. 晨,
GetBack.CAP3,Get Back,CAP3,TNiK,JKy,JKy,JKy,
Palescreen.WyvernPfeatMadol,Palescreen,WyvernP feat. Madol,GAMEBAKA,Jeitie,Jeitie,Jeitie,
GOODTEK.EBIMAYO,GOODTEK,EBIMAYO,Ctymax feat. EBIMAYO,百九十八,百九十八,百九十八,
GOODBOUNCE.EBIMAYO,GOODBOUNCE,EBIMAYO,EBIMAYO,Gausbounce & 晨,Gausbounce,Ctymax vs. Gausbounce,
GOODWORLD.EBIMAYO,GOODWORLD,EBIMAYO,EBIMAYO,阿爽,StupiGGy,StupiGGy vs. 阿爽,
GOODFORTUNE.EBIMAYO,GOODFORTUNE,EBIMAYO,Ctymax,晨,晨,晨,
GOODRAGE.EBIMAYO,GOODRAGE,EBIMAYO,Ctymax feat. EBIMAYO,阿爽,阿爽,Ctymax vs. 阿爽,
TheMountainEater.PaulBazooka,The Mountain Eater,Paul Bazooka,START SEED,百九十八,百九十八,百九十八,
Orthodox.tokiwa,Orthodox,tokiwa,cycats,StR-1,StR-1,Uvernight fixed by StR-1,
EndMe.ZxNXasDelaina,End Me,"ZxNX as ""Delaina""",何呵,鲲,鲲,鲲 fixed by 百九十八,
ParallelRetrogressionGameVer.Tetrajectory,Parallel Retrogression(Game Ver.),Tetrajectory,青鸟,HaraKuma,HaraKuma,HaraKuma,
Starduster.Quree,Starduster,Quree,IvyTowers,NerSAN,NerSAN,NerSAN,
Electron.ElousFZ,Electron,ElousΛ.-FZ,DoublePian,百九十八,百九十八,百九十八,
SIGMA.Kryexe,SIGMA,Kry.exe,塔塔,Barbarianerman.exe,Bσrbσriσnermσn.exe,Bσrbσriσn∑rmσn.∑x∑,
HardcoreKwaya.EnFr,Hardcore Kwaya,EnFr,EnFr,One skunk (Ctymax) in Africa,Hardcore Barbaya,Two skunks (Ctymax and 晨) in Africa shouting WAHHHHHH!,
Aventyr.GrandThawRigelTheatre,Äventyr,Grand Thaw / Rigël Theatre,Grand Thaw / Rigël Theatre,Barbarianerman,Snorkel,Barbarianerman vs. Snorkel,
Trane.MALVA,Träne,MALVA.,しえろ,Barbarianerman,Barbarianerman,Barbarianerman,
雪降りメリクリ.A39,雪降り、メリクリ,A-39,犀牛坨动画工坊,Merry xmAS,Merry ChristymAxS,N\erry Xmas,
CervelleConnexion.SCTL,Cervelle Connexion,SCTL,SCTL,Eastern Ailuropoda Gang,Eastern Ailuropoda Gang,Eastern Ailuropoda Gang,
modulus.PTB10,modulus,PTB10,geralt,Cty moyules,Cty moyules,Pat Brick Man Mr.C,
Wavetapper.Frums,Wavetapper,Frums,百九十八,Sillyp,Sillyp,百九十八 vs. Barbarianerman,
大和撫子WildDances.adapatorvsDRIVE,大和撫子 -Wild Dances-,adaptor vs DRIVE.,りゅうら,Eaimo fixed by NerSAN,Eaimo fixed by NerSAN,Eaimo vs. CtyNer dancing wildly,
Eltaw.Fl00t,Eltaw,Fl00t,xperz,JKy,JKy,BarbariaNERman vs. JKy,
Initialize.iF,Initialize,iF,"あおお/A-ZERO, morph",阿爽,NerSAN,Arenn Saki vs. NerSAN,
桜樹街道.kozatosnow,桜樹街道,kozato snow,"あおお/A-ZERO, morph",Barbarianerman,Barbarianerman,百九十八,
GetReady.iF,Get Ready!! ,iF,"あおお/A-ZERO, morph",StupiGGy,StupiGGy,StupiGGy,
volcanic.DETROakaルゼ,volcanic,DETRO a.k.a. ルゼ,"あおお/A-ZERO, morph",Barbarianerman,Rikko,"Ctymax in a volcano, very delicious",Alloces
BetterGraphicAnimation.ルゼ,Better Graphic Animation,ルゼ,A-Zero Project,NerSAN,NerSAN,縱連打の信者☆無極,
XING.ginkiha,XING,ginkiha,打雷打人（青鸟 modified）,StupiGGy,StupiGGy,Sillyp vs. 阿爽,
FinalStep.Lime,Final Step!,Lime,谷地（青鸟 modified）,Barbarianerman,Barbarianerman,Barbarianerman vs. Uvernight,
Cthugha.USAO,Cthugha,USAO,谷地（青鸟 modified）,Barbarianerman,Barbarianerman,Gausbon,百九十八 feat. NerSAN
WithYou.Cashew,With You,Cashew,ADZUKI,with U,with U,with U,
UnorthodoxThoughts.Joulez,Unorthodox Thoughts,Joulez,ASXX,Barbarianerman,HaraKuma,Barbarianerman vs. HaraKuma,
Apocalyptic.ZClaxxSumaiLight,Apocalyptic,Z ClaxX & SumaiLight,佑木いずみ & Ctymax,阿爽,NerSAN,NerSAN vs. 阿爽,
游园地.椒盐菠萝,游园地,椒盐菠萝,CEM,野从菠萝,野从菠萝,椒盐倪尔,
energytrixxx.KAH,energy trixxx,KAH,手鞠鈴 & 自動車 原付,NerSAN,NerSANN,NerSANNN,
Nhelv.Silentroom,Nhelv,Silentroom,駿,野从,StupiGGy,森德雷斯 vs. 百九十八,
Arkhei.SeraAmagi,-Arkhei-,Sera Amagi,Hachimitsu☆Boy,-JKy-,-JKy-,-JKy-,
Kerberos.Zris,Kerberos,Zris,Eridani,Alloces,NerSAN,Snorkel vs. NerSAN,
parsey.siqlo,ρars/ey,siqlo,出前 x nekomiya,Rikko,Rikko & TangScend,TangScend,
Concvssion.Halv,Concvssion,Halv,汉堡,J.R,晨,Phigros Charting Team,
ジングルベルJingleBell.A39沙包P,ジングルベル(Jingle Bell),A-39/沙包P,爱39的Konya,merry CNrisTimas,merry XM AS,NerSANTA vs. BarbarianerSLEDGE,
TimetoNightSkyfeatLeeYuJin.HyuNKLYDIX,Time to Night Sky (feat. Lee Yu Jin),HyuN & KLYDIX,ZG,Rikko,Barbarianerman,Likey & 198ar,
HAZARD.Limpid,HAZARD,Limpid,ZG,NerSAN,NerSAN,阿爽,
AnotherMe.DAAN,Another Me,D_AAN,ZG,Pcat,Another cat,"NerSAN vs. Ctymax as ""泥头鱼""",
DontNeverAround.HAMA,Don't Never Around,HAMA,Arahosi,XMT小咩兔,XMT小咩兔,XMT小咩兔,
RESSiSTANCE.ぐるたみん,RESSiSTANCE,ぐるたみん,LINUS,其一 呼吸尚存的标志,其二 向前迈进的理由,其三 我所存在的证明,
Dreamland.z1onkyrrin,Dreamland,z1on & kyrrin,海产,Bear,Bear,XMT & 198,
AnotherRound.JustinDai,Another Round,Justin Dai,艾是Abby,阿爽,Another Stage,"TimiTini →""X""← 阿爽",
996.李化禹,996,李化禹,笔记RE,RTH,Likey,Barbarianerman & NerSAN in the ICU,
FutureMind.RayNauticaRekuMochizuki,Future Mind,Ray Nautica & Reku Mochizuki,Keiby.comics,Barbarianerman,XMT小咩兔,Future BarbarXMT,
Luminescent.Daison,Luminescent,Daison,鲸弑,Uvernight,Uvernight,百九十八,
FULiAUTOBUSTER.MYUKKE,FULi AUTO BUSTER,MYUKKE.,cycats,M3d1uM & 百九十八,M3d1uM & 百九十八,百九十八 busting 阿爽,
IMustSayNo.TangJuan,I Must Say No,TangJuan,cycats,Likey,JKy,Likey & 百九十八,
opia.rN,opia,rN,rN @ 湯元画伯,BlindForest,BlindForest 『Observing』,Jeitie & CorruptedEntity 『Hollow』,
Apocalypse.アリスシャッハと魔法の楽団,Apocalypse,アリスシャッハと魔法の楽団,Lanota © Noxy Games Inc. ,R.,B.,Rikko & 198,
Protoflicker.Silentroom,Protoflicker,Silentroom,Lanota © Noxy Games Inc. ,Barbarianerman & J.R,RTH,Gausbon,
HorizonBlue.NothingButRequiemfeatAikapinChiyoko,Horizon Blue,Nothing But Requiem feat. Aikapin & Chiyoko,Lanota © Noxy Games Inc. ,Nothing But Uvernight,Nothing But Likey,Nothing But Ner & Pcat,
YouaretheMiserable.tpazolite,You are the Miserable,t+pazolite,Lanota © Noxy Games Inc. ,M3d1uM,M3d1uM,We are the Miserable,Pat Brick Man Mr.C & Mr.B
Stasis.Maozon,Stasis,Maozon,Lanota © Noxy Games Inc. ,空の希,空の希,ST AS is XMT,百九十八
いざ参ります.Uskefeat棗いつき,いざ、参ります,U-ske feat. 棗いつき,緑風マルト,Clutter & Barbarianerman,Clutter & Barbarianerman,小咩兔、参上,
月下缭乱.月見静華vsLUNARiUM,月下缭乱,月見静華 vs. LUNARiUM,TNiK,XMT小咩兔,XMT小咩兔,iv,
OnAndOn.ETIAfeatJenga,On And On!!,ETIA. feat. Jenga,わっふゑ,Rikko,Rikko,NerSAN feat. Takanashi Rikko,
DataErr0r.Cosmograph,DataErr0r,Cosmograph,Photonskyto,[!!12:l<l<ο!!],Rikko,TangScend -Err0rederci-,
Shadow.SumaiLightvs姜米條,Shadow,姜米條&SumaiLight,御坂果子,晨,晨,Sillyp vs. 晨,J0(_)I2|\|3y'5 3|\||)
心之所向.姜米條,心之所向,姜米條,笔记RE,波之所杂,波之所杂,倪之所爽,
inferior.姜米條,inferior,姜米條,群青kurara,"Ner, the inferior","Ner, the inferior","JKy, the inferior",
csqn.Aoi,c.s.q.n.,Aoi,Ctymax vs. TNiK feat. 出前,b.b.n.m.,h.o.m.e.e.e.,s.t.p.g.,
BraveNotes.TurquoiseDRIVENota,Brave Notes,Turquoise(DRIVE.+Nota),林语,Brave Eaimo,Brave Eaimo,Brave Eaimo,
盏茗.茶鸣拾贰律,盏茗,茶鸣拾贰律,茶鸣拾贰律,Barbarianerman,Barbarianerman,NerSAN sipping XMTea,
青芽.茶鸣拾贰律,青芽,茶鸣拾贰律,茶鸣拾贰律,生根发芽的小咩兔,逆流而上的小咩兔,Hook vs. _鉄,
EternalSnow.AbyssIdols,Eternal Snow,Abyss Idols,Sak,M3d1uM,M3d1uM,JKy,
RainySeason.AbyssIdols,Rainy Season,Abyss Idols,Robin,StupiGGy,StupiGGy,Raiky Season,
ElCondorPasaPhigrosEdit.PlasticFruits,El Condor Pasa (Phigros Edit),Plastic Fruits,青鸟,TimiTini,TimiTini,XMT小咩兔,
BreakOver.Kforest,Break Over,K-forest,圆规compasses,Barbarianerman,Barbarianerman,百九十八 vs. Barbarianerman,百九十八
BelieveLightfeat果丸哒呦.ScalerMestie果丸哒呦,Believe Light (feat. 果丸哒呦),Scaler & Mestie & 果丸哒呦,圆规compasses,Believe Ctymax,Believe TimiTini,Believe Ctymax & TimiTini,
Pontdessouvenirs.VeetaCrushvsitsufeatitsu,Pont des souvenirs,VeetaCrush vs. [itsu(feat.itsu)],林语,JKy,JKy,晨,
青丘.BLACK0,青丘,BLACK 0,BLACK 0,Ctymax,Su1fuR,KillJoy,
瓷岁.茶鸣拾贰律,瓷岁,茶鸣拾贰律,茶鸣拾贰律,『流』年大顺,『流』年大顺,『兔』年大吉,
Feast远东之宴.茶鸣拾贰律,Feast远东之宴,茶鸣拾贰律,茶鸣拾贰律,Barbarianerman,Barbarianerman,Gino,
インフェルノシティ.Ponchifeatはぁち,インフェルノシティ,Ponchi♪ feat. はぁち,LESYEF & 藍瀬 まなみ,Su1fuR,Alloces feat. Uvernight,Alloces,
Upshift.Iriss-Frantzz,Upshift,Iriss-Frantzz,Iriss=Frantzz=s-don,Lumiere,CorruptedEntity & 野从,_鉄,
PoisonANDORAffection.LeaF,Poison AND÷OR Affection,LeaF,笔记RE/海产,R/kko,&ikko,1÷98,
Random.SobremSilentroom,Random,Sobrem × Silentroom,Harkiadel,Barbarianerman,IMD_6,_鉄,
零號車輛.seatrus,零號車輛,seatrus,2AI4wU4,零號宇夜,壹號阿爽,Pcat【零】198,
NowIsTheTimeDoIt.RoyMikelate,"Now Is The Time, Do It",Roy Mikelate,青鸟,M3d1uM,M3d1uM,Pat Brick Man Mr.N feat. Ner of Time,
Bougainvillea.Jade,Bougainvillea,Jade,TNiK,Barbarvillea,Barbarvillea,Barbarvillea,
神話.PicaM2U,神話,Pica & M2U,mology (青鸟&V17AMax Modified),雑,波,P & U,
Elúltimobaile.Θ,El último baile,Θ,mology (青鸟&V17AMax Modified),Barbarianerman,Barbarianerman,百九十八 feat. Likey,
Trojan.litmus,Trojan,litmus*,Lapelristar (青鸟&V17AMax Modified),M3d1uM,M3d1uM,Warning: XMT is infected by Trojan!!,
TemporalShifting.LureRabbitVC,Temporal Shifting,Lure Rabbit & V!C,mology (青鸟&V17AMax Modified),Su1fuR,Su1fuR,Gausbon vs. 阿爽,
Adastraperaspera.RabbitHouse,Ad astra per aspera,Rabbit House,Lyrebird Ferdinant (青鸟&V17AMax Modified),Barbarianerman,XMT小咩兔,Hara小兔组,
Ajourneytothemoonlight.Yesod,A journey to the moonlight,Yesod,汉堡,Rikko from「PHIGROS MOON」,Rikko from「PHIGROS MOON」,Ner & 198 from 「PHIGROS MOON」,
RainyHeart.BelieverInYou阿卡姆巫师,Rainy Heart,BelieverInYou(阿卡姆巫师),Sodhelium,Su1fuR,Barbarianerman,HaraKuma,
Realms.HinkikAHimitsu,Realms,Hinkik & A Himitsu,圆规compasses,Barbarianerman,Barbarianerman,NerSAN,
ぱぴぷぴぷぴぱ.ころねぽちWith立秋,ぱぴぷぴぷぴぱ,ころねぽち With 立秋,上倉エク,ParParianerman,ParParianerman,さるふるふるさ,
TriumphRegret.typeMARS,Triumph & Regret,typeMARS,何呵,Barbarianerman & Regret,Barbarianerman & Regret,TimiTini & HaraKuma,
SATELLITE.かめりあ,S.A.T.E.L.L.I.T.E.,かめりあ,青鸟,XMT wishing upon a satellite,B.A.R.B.A.R.I.A.N.E.R.M.A.N.,L.I.K.E.Y.,N.E.R.1.9.8.
DancewithSilence.かめりあ,Dance with Silence,かめりあ,林语,Su1fuR,Su1fuR,晨_鉄,
LabyrinthinKowloonWalledWorld.かめりあ,Labyrinth in Kowloon: Walled World,かめりあ,鲸弑,VikingNexus,VikingNexus,198 in Kowloon,
ComputeItWithSomeDevilishAlcoholicSteampunkEngines.かめりあ,Compute It With Some Devilish Alcoholic Steampunk Engines,かめりあ,山崎团,Clutter,Clutter,Gausbon vs. XMT小咩兔,
ERABYECONNEC10N.かめりあ,+ERABY+E CONNEC+10N,かめりあ,猫箱Catbox feat. 祈莲,4B314C3042592B45,4D45474142592B45,4731474142592B45,2B45524142592B45
DiamondEyes.SYNTHETIC,Diamond Eyes,SYNTHETIC,彗星 feat. 祈莲,Su1fuR,Su1fuR,Clutter,
Bitterblossom.imvi,Bitterblossom,imvi,鲸弑,Su1fuR,Barbarianerman,百九十八,
SilenceisGoldenSpeechisGolden.NIWASHI,"Silence is Golden, Speech is Golden",NIWASHI,Jerry & OsuMe65,Clutter is coppery，Tumult is coppery,"XMT is silvery, 小咩兔 is silvery","Hara is golden, Kuma is golden",
FracturedAngel.DJRaisei,Fractured Angel,DJ Raisei,OsuMe65,Su1fuR,Su1fuR,逆天使の悪魔 【Likey】,
JourneywithYou.Iris,Journey with You,Iris,BTKCyber (青鸟 modified),jouR.ney with hold,jouR.ney to the end【COVERED】,Su1fuR -All about YOU & ME-,
SecretIllumination.Yooh,Secret Illumination,Yooh,Juice Black (青鸟 modified),Likey ,迟戈 vs. Likey,NerSAN,
InvertedWorld.ARForest,Inverted World,ARForest,Mechari (青鸟 modified),Clutter,ɹǝʇʇnlƆ,ƃuɐnɥs∀ .sʌ uoqsnɐ⅁,
月詠に鳴る.Feryquitousfeat藍月なくる,月詠に鳴る,Feryquitous feat.藍月なくる,SEGA (V17AMax modified),IUIsauce,Salt,Myna feat.Sleepyhead,StupiGGy
TECHNOPOLIS2085.PRASTIKDANCEFLOOR,TECHNOPOLIS 2085,PRASTIK DANCEFLOOR,SEGA (V17AMax modified),"dancing""L""ine 2085",迟戈 vs. Likey,CTYMAX ????,TECHNOXMT vs. LATENCYPOLIS
祈-我ら神祖と共に歩む者なり-.光吉猛修VS穴山大輔VSKaiVS水野健治VS大国奏音,祈 -我ら神祖と共に歩む者なり-,光吉猛修 VS 穴山大輔 VS Kai VS 水野健治 VS 大国奏音,SEGA (V17AMax modified),"Su1fuRikko ""SouRce of the metaveRse""","Su1fuRikko × rN ""judgemeNt fRom the cataStRophy""",兔咩小 VS 咩小兔 VS 小兔咩 VS 咩兔小 VS 兔小咩,"フィグロス譜面チーム ""Rikko feat. Ner"" -Pray for ""PHI""-"
bye.DingerBox,bye,DingerBox,海产,Likey,Likey,Ner ~ See you next time ~,
聖夜讃歌.A39沙包P,聖夜讃歌,A-39/沙包P,绀屋,爽夜讃歌,爽夜讃歌,NerSANTA & Gausbell,
ストレイソウルアラウンド.みーに,ストレイソウル・アラウンド,みーに,伊恩 (青鸟 modified),"JKy as ""Stray Cat""",Stray Cat Around,クラッタ・アナザー・ラウンド,
ManifoldHypothesis.cybermisofeattigerlily,Manifold Hypothesis,cybermiso feat. tigerlily,阿清 (青鸟 modified),Likey,Likey,Gausbon feat. 迟戈&野从,
KMoeVIP.ZxNX,K.Moe (VIP),ZxNX,BTKCyber (青鸟 modified),R:kko (IMD),R:kko (IMD),C.Max (PBM),
GVNGlitterVomitusandNeon.SaltySaltUnfold33,"G.V.N. (Glitter,Vomitus and Neon)",Salty Salt & Unfold33,祈莲,B.B.M.,B.B.M.,A.S.H.,
CrushBETA.shadow_bling,Crush BETA,shadow_bling,笔记RE,Clutter BETA,Crush βETA,Timi今天吃神马,
BrokenSky.JungoMAX3feat刘佳宜Snow幻影刃shadow,Broken Sky,Jungo & MAX 3 feat. 刘佳宜Snow & 幻影刃shadow,午苔veeee~,Clutter,Clutter,Su1fuR,
BRAINHACKER.SOMON,BRAIN HACKER,SOMON,SOMON,BLACK CTYMAX,COLORFUL CTYMAX,COLORFUL BLACK GAUSBON,
Xenolith.Tatsh,Xenolith,Tatsh,2AI4wU4,RXhuang,RXhuang,Xlutter guided by three Oaths,
ArtificialExistence.JunKuroda,Artificial Existence,Jun Kuroda,2AI4wU4,Salt,Salt,Salt & _鉄 inspired by 存在証明 [X],
IndelibleScar.Noah,Indelible Scar,Noah,兜,Clutter & Barbarianerman,Salt & Barbarianerman,Likey affected by Ancestral Xhronicle,上班睡大觉_Sleepyhead
Antithese.Blacklolita,Antithese,Blacklolita,釜飯轟々丸 + jht (Design: 祈莲),SeveredEntity (BlindForest vs. rN) feat. Δ,Δ (M3d1uM vs. Salt),StupiGGy -The Origin-,弧光
PRAGMATISMRESURRECTION.Laur,PRAGMATISM -RESURRECTION-,Laur,シエラ (Design: 祈莲),完璧 [WARNING: DRAG OVERLOAD],完璧 × 北星,-NerSAN & Su1fuR-,THE LAST 198
ShineAfter.ADeanJocularACE,Shine After,ADean & JocularACE,海里狄七 feat. 存艺,Su1fuR,Su1fuR,Salt & Uvernight,
Bloom.targ麻团qwq,Bloom,targ & 麻团qwq,注射,Salt & Barbarianerman,Salt & Barbarianerman,SPΔDE & 倪尔qwq,
幽世桔梗.Capchiifeatまるもこ,幽世桔梗,Capchii feat. まるもこ,瀬名,RipHall vs. Likey,RipHall vs. Likey,Su1fuR、快斬！,
千紫万紅.r0yvsWABI,千紫万紅,r0y vs. WABI,中本ひょうり,Rikko,実戦 with Rikko,Salt & Barbarianerman,
明鏡烈火.MUEvsRekuMochizuki,明鏡烈火,M-UE vs. Reku Mochizuki,中本ひょうり,COC  feat. Su1fuR,COC  feat. Su1fuR,Arenn Salty feat. LDA,
今天不是明天.PIKASONICfeat兰音Reine,今天不是明天,PIKASONIC feat. 兰音Reine,KiTA & 一击即溃,扫佛不是嫂夫,扫佛不是嫂夫,杂波不是杂啵，野从不是野丛,
Cuvism.Fl00tvsHalv,Cuvism³,Fl00t vs Halv,sikkari,Rikko,Rikko³ [Normal],Rikko,JKy vs StrayCat
iLArtifact.Link0,iL-Artifact,Link''0,Fl00t,IUIsauce,IUIsauce,XMT小咩兔 vs. 上班睡大觉_Sleepyhead,
atruthseekerCommunicationwithUtopiawillbelost.kuro,a truth seeker -Communication with Utopia will be lost-,kuro,rokopon,上班睡大觉_Sleepyhead,上班睡大觉_Sleepyhead,-Seek A Lnside Truth-,
BoundedQuietude.FiniteLimitvsSiLiS,Bounded Quietude,Finite Limit vs SiLiS,Hiro vs Zeth,LonelyKnight,LonelyKnight,孤独な騎士 Against 魔王、大咩兔,
君往何处QuoVadis.M2U,君往何处 (Quo Vadis),M2U,LRAY (青鸟 modified),Where are Ctymax and 阿爽?,Where are Ctymax and 阿爽?,Salt,
暗夜苏醒REANIMATE.Warak,暗夜苏醒 (REANIMATE),Warak,MHK (青鸟 modified),Deep Dark Ctymax,reanimate_6k_nm.imd,StupiGGy -The Startline-,
Grimheart.Puru,Grimheart,Puru,临时工 & 倪尔,SimonAxis,SimonAxis,WhiteCat.,
Thrashforce.KAHvsE0ri4,Thrash force,KAH vs. E0ri4,自動車 原付 vs. GAMEBAKA,thrAsh forSe,thrAsh forSe,Uvernight & Su1fuR,
Originally.SNKSMizku,Originally,SNKS & Mizku,Keiby.comics,StR-1,StR-9,StrayCat,
黄金之城GOLDTOWN.Memme,黄金之城 (GOLD TOWN),MEMME,RM Design Team (青鸟 modified),Passport:Visitor,Passport:Constructor,Passport:Governor,
双重间谍DoubleAgent.WAVAV,双重间谍 (Double Agent),Wav.AV,RM Design Team (青鸟 modified),穿山甲-1,StupiGGy,Spy-Simon_Axis | Spy-騎士,
幻影鬼魅PLEASE.R300K,幻影鬼魅 (PLEASE),R300K,RM Design Team (青鸟 modified),COC,COC,M3d1uM,"imd visual charter ""Rikko"" since 2014"
Schadenfreude.ZxNX,Schadenfreude,ZxNX,验光蒸鱼,StuRmwind,StuRmfeuer,''-1'',
Letempsperdu.Daison,Le temps perdu,Daison,子狼,Salt,Salt,Likey -For an old friend-,
FixationsTowardtheStars.Foodbot,Fixations Toward the Stars,Foodbot,AriaL [edited by Stelli],Salt,OPENING/Level R,Salt,
valorstarcross.LundyvsWyvren,valor/starcross,Lundy vs. Wyvren,AriaL & 57_dayo [edited by Stelli],vacant/stupiggy,vacant/stupiggy,vesper/straycat,
CometFeat符白牙.CNHKSS,Comet,CNHKSS feat. 符白牙,小黄鸡叽叽叽叽叽叽修复中,StaR-1,無彩色,Likey & Barbarianerman,
白と黒のバケモノ.テヅカ,白と黒のバケモノ,テヅカ,久世,白,monochrome ILLUSION,Simon_Axis,
Devotion.Connexio,Devotion,Connexio,Shimoruchiko,StupiGGy,StupiGGy,Salt,
KirakiraNoelStory.RekuMochizuki,Kirakira Noel Story!!,Reku Mochizuki,ナナシ,村头村头 CTY Story!!,头鱼头鱼 MAX Story!!,N\erry Xmas 2024,
Shelter.MeatyRabbitNceS,Shelter,MeatyRabbit & NceS,诡异童话,Cluttler with ShelteR,Cluttler with ShelteR,人外侵略地球计划,
蝎虎天体Lacertid.CreamvsDaily天利,蝎虎天体 -Lacertid-,Cream vs. Daily天利,白 & 小鹏xpeng,StR-1,StR-1,Ctymax vs. IUIsauce -村头烤鱼蘸凹酱-,
贝多芬祝福BeethovenBlessing.Nauts,贝多芬祝福 (Beethoven Blessing),Nauts,RM Design Team (青鸟 modified),StupiGGy,Blessing beyond myself.,Salt feat. XMT小咩兔,
インマイマインド.レシオP,インマイマインド,レシオP,すずか爆弾,Salt,Salt,ネルサン (I make charts slowly),
ニライカナイNiraicA_naiMix.roopfromSTR,ニライカナイ (NiraicA_nai Mix),roop from STR,3z,Barbarianerman,Ctymax respect for STAR TRACK in 2008,Ctymax respect for STAR TRACK in 2008,
SwingSkipDrop.ミハイル,Swing Skip Drop,ミハイル,ディン,Helabot,Helabot,Swing Salt ♪,
宇宙残骸少女CosmicDustyGirl.辻原一郎,宇宙残骸少女 (Cosmic Dusty Girl),辻原一郎,TOTOTO ,不喜欢键的COC,不喜欢线的COC,～漂泊者～凹酱,
Resolver.Gomadare,Resolver,Gomadare,Transendium,Salt,Salt,Clutter vs. Salt,
LuminousEntitiesLostHeart.NormalMfeatUsagiDenki,Luminous Entities Lost Heart,NormalM feat. Usagi Denki,Transendium,1uminous StaR,1uminous StaR,光る星,
KIZUNAResolution.TAG,KIZUNA Resolution,TAG,Transendium,Likey underground,HD R.esolution,Sempiternal Fxxxxxx Resolution!,
AbsoluTedisoRdeR.AcuteDisarray,AbsoluTe disoRdeR,Acute Disarray,Kyuare & Wsx,Su1fuR,騎士 vs. Knight ,Executor-X,Apocalyptic Dissonance
Poseidon.1112vsStar,Ποσειδών,1112 vs. Star＊,老张,Jαckψ a.k.a JKy,Jαckψ,Jαckψ feat. Βαρβαροςαντρας,上班摸大鱼 a.k.a. 海洋咩兔
WATER.A39沙包P,WATER,A-39/沙包P,knife美工刀,急流に巻き込まれ,対流に巻き込まれ,乱流に巻き込まれ,
MiracleForestVIPMix.Rinthlive,Miracle Forest (VIP Mix),Rinth_live,L-sp4,奇跡の希,奇跡の希,奇跡の希 feat. 奇跡の従,
MOBILYS.Dachs,MOBILYS,Dachs,わっふゑ,百九十八,百九十八,StupiGGy vs. 百九十八 ft. 野从,
Lyrith迷宮リリス.ユメミド,Lyrith -迷宮リリス-,ユメミド,何呵,"Arenn Saki as ""mAze""","Arenn Saki as ""myStery""","XMT as ""eX-MentalisT""","CN_115 as ""prediCameNt""","Arenn Saki as ""lAβyrinS"""
Demiurge.Rabpit,Demiurge,Rabpit,青鸟,"""Manufacturer"" ~ Rikko","""Creator"" ~ StupiGGy","""Demiurge"" ~ Dawn",
Demonkin.ForgedReigns,Demonkin,Forged Reigns,Jeffery,Alloces,Alloces,Sillyp & Alloces,
Re_NascencePsystyleVer.Rinth_live,Re_Nascence (Psystyle Ver.) ,Rinth_live,Tsuioku,NerSAN,NerSAN,NerSAN & 百九十八,
Ark.kanoryo,Ark,kanoryo,MOAI WORKS,TimiTini,TimiTini,阿爽 eat Ctymax,StupiGGy
AfterDawn.S9ryne,After Dawn,S9ryne,月亮酱,Barbarianerman,NerSAN feat. Pcat,BarbariaNerSAN feat. Snorkel,
INFiNiTEENERZYOverdoze.RekuMochizuki,INFiNiTE ENERZY -Overdoze-,Reku Mochizuki,knife美工刀,while(TangScend<=TangScend);,while(TangScend>=TangScend);,while(TangScend==TangScend);,while(TangScend=TangScend);
Khalid.Dolphin,Khalid,Dolphin,HAZUQU,Barbarialid,Barbarialid,Ner＜Jazz for your soul .),
QuantumHyperspace.D_AAN,Quantum Hyperspace,D_AAN,sa1t,Bariantum Hyperianerman,Bariantum Hyperianerman,IMD_0b0110,
FreakyUndulationsNobleKnightsofTune.JehezukielKURORAK,Freaky Undulations ~Noble Knights of Tune~,Jehezukiel + KURORAK,PEZZ feat. 祈莲 & CattoHato,Ner ~Freaky Cat of Charting~,ARE YOU JEITIE!!!,<= Noblesse Jeitie =>,
PANICPARADISE.DJSHIONY,PANIC PARADISE,DJ SHION.Y,百九十八,Barianic Baradise,Barianic Baradise,Su1fuR -FAISEURS DE PANIQUE-,
ReEndofaDream.umavsモリモリあつし,Re：End of a Dream,uma vs. モリモリあつし,masiro vs. adaptor,"Barbarianerman, Overture before the story","Barbarianerman, Main theme within the somnium","Latency, Finale of the dream","XMT, Encore after the end"
心の記憶.A39沙包P,心の記憶,A-39/沙包P,爱39的Konya,Su1fuR,Su1fuR,N-23,
Spotlight.Ardolf,Spotlight,Ardolf,NerSAN,Debut under spotlights!< Simon_Axis,Simon_Axis >< Likey,Likey >IT'S SHOWTIME!,
NightTheater.わかどり,NightTheater,わかどり,青鸟,StR-1 watches Ctyfilm,StR-1 watches Ctyfilm,LuminousGausbon,
Ramification.rareguyReina,Ramification,rareguy & Reina,cokeAnut,inert COC,totally ramified COC,Simon_Axis•騎士•StR-1,
DerRichter.Ωμεγα,Der Richter,Ωμεγα,森灵,"Min(C,t,y)","Max(C,t,y)",Absolute(6),
ATHAZA.LeaF,ATHAZA,LeaF,御坂果子,LDAJOY&PLEASANT ^V^ LDA,ANGER&SORROW >^< LDA,Affection&memories \\// Salt & Simon_Axis,FORGET :: CLUTTER
